Year,List Number,AMVA Zone,Mu,ISIC Description,Division Group,Macrogroup,MG Description,Establishment Name,Hours Open (h),Total Employees,Establishment Size,Total Area (m²),Has Warehouse,Warehouse Area (m²),Has Parking,Parking Minutes (min),Weekly Trips (trips/week),Weekly Kilograms (kg/week),Tipo de producto,Vehiculo
2012,541,Medellin,10,"561-Actividades de restaurantes, cafeterías y servicio móvil de comidas",56,I,I-ALOJAMIENTO Y SERVICIOS DE COMIDA,GUADALUPANA BAR RESTAURANTE LTDA,10,4.0,Micro,120,1,10.0,1,15.0,1.5,900.0,,
2012,18555,Medellin,10,"561-Actividades de restaurantes, cafeterías y servicio móvil de comidas",56,I,I-ALOJAMIENTO Y SERVICIOS DE COMIDA,"SALSAMENTARIA, RESTAURANTE Y CAFETERIA COMILONES S.A.S.",16,6.0,Micro,100,1,10.0,1,10.348837209302326,11.0,300.0,,
2012,19444,Medellin,10,"561-Actividades de restaurantes, cafeterías y servicio móvil de comidas",56,I,I-ALOJAMIENTO Y SERVICIOS DE COMIDA,GASEOSAS POSADA TOBON S A,10,1.0,Micro,60,1,15.0,1,6.833333333333333,5.0,9.5,,
2012,19904,Medellin,10,563-Expendio de bebidas alcohólicas para el consumo dentro del establecimiento,56,I,I-ALOJAMIENTO Y SERVICIOS DE COMIDA,LA CLARITA S.A.,9,6.0,Micro,80,0,0.0,1,14.0,0.75,47.5,,
2012,20762,Medellin,10,563-Expendio de bebidas alcohólicas para el consumo dentro del establecimiento,56,I,I-ALOJAMIENTO Y SERVICIOS DE COMIDA,C.I. LA CASA DEL DISCO Y MAS LIMITADA,10,1.0,Micro,4,0,0.0,1,13.333333333333334,1.25,350.0,,
2012,24741,Medellin,10,563-Expendio de bebidas alcohólicas para el consumo dentro del establecimiento,56,I,I-ALOJAMIENTO Y SERVICIOS DE COMIDA,HOTEL DE MARCA SAS,24,6.0,Micro,500,1,9.0,0,10.0,20.0,30.25,,
2012,39367,Medellin,10,563-Expendio de bebidas alcohólicas para el consumo dentro del establecimiento,56,I,I-ALOJAMIENTO Y SERVICIOS DE COMIDA,MURILLO MEJIA ADOLFO LEON,19,3.0,Micro,80,0,0.0,1,11.666666666666666,2.25,1950.0,,
2012,39634,Medellin,10,563-Expendio de bebidas alcohólicas para el consumo dentro del establecimiento,56,I,I-ALOJAMIENTO Y SERVICIOS DE COMIDA,CUERVO GIRALDO LUIS ENRIQUE,15,1.0,Micro,70,0,0.0,1,5.473684210526316,13.0,647.45,,
2012,39757,Medellin,10,"561-Actividades de restaurantes, cafeterías y servicio móvil de comidas",56,I,I-ALOJAMIENTO Y SERVICIOS DE COMIDA,INVERSIONES GRUPO PAIS S.A.S.,10,4.0,Micro,80,0,0.0,1,9.545454545454545,9.25,140.0,,
2012,40692,Medellin,10,563-Expendio de bebidas alcohólicas para el consumo dentro del establecimiento,56,I,I-ALOJAMIENTO Y SERVICIOS DE COMIDA,RAFAEL ANGEL ZULUAGA VILLEGAS,10,42.0,Pequeña,350,1,25.0,1,13.10344827586207,13.75,375.0,,
2012,41720,Medellin,10,563-Expendio de bebidas alcohólicas para el consumo dentro del establecimiento,56,I,I-ALOJAMIENTO Y SERVICIOS DE COMIDA,VALENCIA RIVERA CHRISTINA,14,6.0,Micro,150,0,0.0,1,11.666666666666666,4.5,562.5,,
2012,42181,Medellin,10,563-Expendio de bebidas alcohólicas para el consumo dentro del establecimiento,56,I,I-ALOJAMIENTO Y SERVICIOS DE COMIDA,BOTERO ECHEVERRI ALBERTO,12,8.0,Micro,100,1,7.5,0,9.655172413793103,8.75,3585.0,,
2012,42257,Medellin,10,563-Expendio de bebidas alcohólicas para el consumo dentro del establecimiento,56,I,I-ALOJAMIENTO Y SERVICIOS DE COMIDA,BENJUMEA MEJIA LUIS ALFONSO,14,2.0,Micro,100,0,0.0,0,5.897435897435898,6.0,915.0,,
2012,43728,Medellin,10,"561-Actividades de restaurantes, cafeterías y servicio móvil de comidas",56,I,I-ALOJAMIENTO Y SERVICIOS DE COMIDA,CHEN XIAOMIN,9,6.0,Micro,50,1,5.0,1,9.767441860465116,13.25,495.0,,
2012,46828,Medellin,10,563-Expendio de bebidas alcohólicas para el consumo dentro del establecimiento,56,I,I-ALOJAMIENTO Y SERVICIOS DE COMIDA,CIFUENTES HERNANDEZ ADAN DE JESUS,12,4.5,Micro,40,1,5.0,1,7.5,1.0,6450.0,,
2012,49082,Medellin,10,563-Expendio de bebidas alcohólicas para el consumo dentro del establecimiento,56,I,I-ALOJAMIENTO Y SERVICIOS DE COMIDA,MIRANDA MONTOYA LUZ DARY,15,2.0,Micro,65,0,0.0,0,10.0,5.0,1350.0,,
2012,50392,Medellin,10,563-Expendio de bebidas alcohólicas para el consumo dentro del establecimiento,56,I,I-ALOJAMIENTO Y SERVICIOS DE COMIDA,PEREZ GARCIA EDILMA DEL CARMEN,8,2.0,Micro,30,0,0.0,1,5.0,2.75,105.0,,
2012,53121,Medellin,10,563-Expendio de bebidas alcohólicas para el consumo dentro del establecimiento,56,I,I-ALOJAMIENTO Y SERVICIOS DE COMIDA,GIRALDO ARISTIZABAL JUAN CARLOS,10,37.0,Pequeña,400,1,10.0,1,36.666666666666664,2.25,2499.75,,
2012,58941,Medellin,10,"561-Actividades de restaurantes, cafeterías y servicio móvil de comidas",56,I,I-ALOJAMIENTO Y SERVICIOS DE COMIDA,PESCADOS Y MARISCOS DE CAPURGANA LIMITADA,10,4.0,Micro,60,1,10.0,1,7.8125,6.25,1432.5,,
2012,59179,Medellin,10,"561-Actividades de restaurantes, cafeterías y servicio móvil de comidas",56,I,I-ALOJAMIENTO Y SERVICIOS DE COMIDA,GARCIA MARIN MARIA AMPARO,11,2.0,Micro,50,0,0.0,1,12.5,9.5,15.0,,
2012,61488,Norte AMVA,21,"561-Actividades de restaurantes, cafeterías y servicio móvil de comidas",56,I,I-ALOJAMIENTO Y SERVICIOS DE COMIDA,HUEVOS DEL CAMPO,11,1.0,Micro,10,0,0.0,1,10.0,3.5,400.0,,
2012,66539,Norte AMVA,21,"561-Actividades de restaurantes, cafeterías y servicio móvil de comidas",56,I,I-ALOJAMIENTO Y SERVICIOS DE COMIDA,PALACIO DE LOS HELADOS,8,1.5,Micro,20,0,0.0,1,10.0,2.0,50.0,,
2012,66592,Norte AMVA,21,"561-Actividades de restaurantes, cafeterías y servicio móvil de comidas",56,I,I-ALOJAMIENTO Y SERVICIOS DE COMIDA,LEGUMBRERÍA G.R.,11,3.0,Micro,15,0,0.0,0,1.0,7.75,180.0,,
2012,71557,Norte AMVA,21,563-Expendio de bebidas alcohólicas para el consumo dentro del establecimiento,56,I,I-ALOJAMIENTO Y SERVICIOS DE COMIDA,EL SELECTO ,16,2.0,Micro,40,0,0.0,1,10.0,2.5,725.0,,
2012,71863,Norte AMVA,21,"561-Actividades de restaurantes, cafeterías y servicio móvil de comidas",56,I,I-ALOJAMIENTO Y SERVICIOS DE COMIDA,TIENDA NATURISTA SALUD EN VERDE ,11,1.0,Micro,20,0,0.0,0,10.0,1.25,15.0,,
2012,73023,Sur AMVA,29,563-Expendio de bebidas alcohólicas para el consumo dentro del establecimiento,56,I,I-ALOJAMIENTO Y SERVICIOS DE COMIDA,CAFÉ BAR Y BILLARES MANANTIALES,8,4.0,Micro,27,0,0.0,1,15.0,1.5,45.0,,
2012,75276,Sur AMVA,29,"561-Actividades de restaurantes, cafeterías y servicio móvil de comidas",56,I,I-ALOJAMIENTO Y SERVICIOS DE COMIDA,HAMBURGUESAS Y PERROS LA 49,12,5.0,Micro,50,0,0.0,1,15.0,2.0,262.5,,
2012,75277,Sur AMVA,29,"561-Actividades de restaurantes, cafeterías y servicio móvil de comidas",56,I,I-ALOJAMIENTO Y SERVICIOS DE COMIDA,HELADERÍA LAS CURUBAS,13,3.0,Micro,35,0,0.0,1,17.5,10.0,19.0,,
2012,75279,Sur AMVA,29,"561-Actividades de restaurantes, cafeterías y servicio móvil de comidas",56,I,I-ALOJAMIENTO Y SERVICIOS DE COMIDA,HELADERIA SU OFICINA,22,2.5,Micro,50,0,0.0,1,11.25,2.5,97.5,,
2012,75426,Sur AMVA,29,563-Expendio de bebidas alcohólicas para el consumo dentro del establecimiento,56,I,I-ALOJAMIENTO Y SERVICIOS DE COMIDA,HOTEL PLAZA GARIBALDY,24,7.0,Micro,87,1,150.0,0,31.25,1.0,337.5,,
2012,75536,Sur AMVA,29,"561-Actividades de restaurantes, cafeterías y servicio móvil de comidas",56,I,I-ALOJAMIENTO Y SERVICIOS DE COMIDA,CAFETERÍA LA CATESCA,14,10.5,Grande,25,0,0.0,1,20.0,3.75,375.0,,
2012,75587,Sur AMVA,29,"561-Actividades de restaurantes, cafeterías y servicio móvil de comidas",56,I,I-ALOJAMIENTO Y SERVICIOS DE COMIDA,PESQUERA MAR ANGEL ,10,1.5,Micro,19,0,0.0,1,16.11111111111111,10.0,255.0,,
2012,75589,Sur AMVA,29,"561-Actividades de restaurantes, cafeterías y servicio móvil de comidas",56,I,I-ALOJAMIENTO Y SERVICIOS DE COMIDA,SABROSURA MARINA ,12,3.0,Micro,30,0,0.0,1,20.0,0.5,18.75,,
2012,75945,Sur AMVA,29,"561-Actividades de restaurantes, cafeterías y servicio móvil de comidas",56,I,I-ALOJAMIENTO Y SERVICIOS DE COMIDA,PANADERÍA EL PAN DE CADA DÍA ,13,4.5,Micro,64,0,0.0,1,15.0,0.5,75.0,,
2012,76859,Sur AMVA,29,"561-Actividades de restaurantes, cafeterías y servicio móvil de comidas",56,I,I-ALOJAMIENTO Y SERVICIOS DE COMIDA,RIKO BROSTER,13,1.0,Micro,16,0,0.0,1,15.0,6.0,91.0,,
2012,79757,Norte AMVA,22,"561-Actividades de restaurantes, cafeterías y servicio móvil de comidas",56,I,I-ALOJAMIENTO Y SERVICIOS DE COMIDA,HELADERÍA LA COMERCIAL,14,2.0,Micro,36,0,0.0,1,2.0,7.0,177.0,,
2012,79759,Norte AMVA,22,"561-Actividades de restaurantes, cafeterías y servicio móvil de comidas",56,I,I-ALOJAMIENTO Y SERVICIOS DE COMIDA,HELADOS MR ICE,10,2.0,Micro,50,0,0.0,1,8.333333333333334,7.0,31.25,,
2012,80033,Norte AMVA,22,"561-Actividades de restaurantes, cafeterías y servicio móvil de comidas",56,I,I-ALOJAMIENTO Y SERVICIOS DE COMIDA,PANADERÍA SAN JUAN ,18,4.5,Micro,70,0,0.0,1,6.25,9.0,69.30000000000001,,
2012,80034,Norte AMVA,22,"561-Actividades de restaurantes, cafeterías y servicio móvil de comidas",56,I,I-ALOJAMIENTO Y SERVICIOS DE COMIDA,PANDEQUESOS COPACABANA ,16,3.5,Micro,15,0,0.0,0,25.714285714285715,2.0,132.5,,
2012,80150,Norte AMVA,22,563-Expendio de bebidas alcohólicas para el consumo dentro del establecimiento,56,I,I-ALOJAMIENTO Y SERVICIOS DE COMIDA,RESTAURANTE BAR LA PORTADA ,16,4.0,Micro,45,0,0.0,1,10.0,11.25,213.75,,
2012,80162,Norte AMVA,22,"561-Actividades de restaurantes, cafeterías y servicio móvil de comidas",56,I,I-ALOJAMIENTO Y SERVICIOS DE COMIDA,POLLOS SUPERCHICKEN,13,7.0,Micro,40,0,0.0,1,8.571428571428571,12.75,123.75,,
2012,80927,Sur AMVA,26,"561-Actividades de restaurantes, cafeterías y servicio móvil de comidas",56,I,I-ALOJAMIENTO Y SERVICIOS DE COMIDA,TIENDA BARROCO ,14,4.0,Micro,350,0,0.0,0,10.0,20.5,2077.5,,
2012,81525,Sur AMVA,26,563-Expendio de bebidas alcohólicas para el consumo dentro del establecimiento,56,I,I-ALOJAMIENTO Y SERVICIOS DE COMIDA,BANQUETES Y DECORACIONES FREDY,12,4.0,Micro,120,0,0.0,0,7.5,13.25,152.25,,
2012,83400,Sur AMVA,26,"561-Actividades de restaurantes, cafeterías y servicio móvil de comidas",56,I,I-ALOJAMIENTO Y SERVICIOS DE COMIDA,EL COMEDERITO DE GÁBRIEL,13,7.0,Micro,75,1,4.0,1,13.333333333333334,12.75,21.25,,
2012,83905,Sur AMVA,26,"561-Actividades de restaurantes, cafeterías y servicio móvil de comidas",56,I,I-ALOJAMIENTO Y SERVICIOS DE COMIDA,PLAZAGRO AGROPECUARIA,12,2.0,Micro,25,1,36.0,1,13.0,4.75,800.0,,
2012,86643,Sur AMVA,26,563-Expendio de bebidas alcohólicas para el consumo dentro del establecimiento,56,I,I-ALOJAMIENTO Y SERVICIOS DE COMIDA,CAFÉ BAR LA MATRACA,7,2.5,Micro,20,1,4.0,0,12.5,12.5,315.0,,
2012,89701,Sur AMVA,26,"561-Actividades de restaurantes, cafeterías y servicio móvil de comidas",56,I,I-ALOJAMIENTO Y SERVICIOS DE COMIDA,PANADERÍA LOS BIZCOCHITOS ,14,2.5,Micro,40,0,0.0,1,10.0,13.5,854.75,,
2012,89792,Sur AMVA,26,"561-Actividades de restaurantes, cafeterías y servicio móvil de comidas",56,I,I-ALOJAMIENTO Y SERVICIOS DE COMIDA,PARQUEADERO LAVADERO Y RESTAURANTE EL OTRO LAO ,12,4.0,Micro,200,1,50.0,1,9.166666666666666,9.75,2797.5,,
2012,90991,Sur AMVA,26,563-Expendio de bebidas alcohólicas para el consumo dentro del establecimiento,56,I,I-ALOJAMIENTO Y SERVICIOS DE COMIDA,DISCOMER ALIMERNTANDO LTDA ,13,5.0,Micro,250,0,0.0,0,7.0,12.5,137.5,,
2012,91596,Sur AMVA,26,563-Expendio de bebidas alcohólicas para el consumo dentro del establecimiento,56,I,I-ALOJAMIENTO Y SERVICIOS DE COMIDA,AGENCIA LIGHT BLUE,7,2.0,Micro,45,0,0.0,1,8.75,5.5,247.5,,
2012,93640,Sur AMVA,26,563-Expendio de bebidas alcohólicas para el consumo dentro del establecimiento,56,I,I-ALOJAMIENTO Y SERVICIOS DE COMIDA,VIDEO BAR TORRENCIALES ,18,4.0,Micro,38,1,4.0,1,8.333333333333334,3.75,255.0,,
2012,93642,Sur AMVA,26,563-Expendio de bebidas alcohólicas para el consumo dentro del establecimiento,56,I,I-ALOJAMIENTO Y SERVICIOS DE COMIDA,MELODIA PARA DOS VIDEO BAR ,7,3.0,Micro,60,0,0.0,1,9.285714285714286,1.0,397.5,,
2012,93773,Sur AMVA,26,"561-Actividades de restaurantes, cafeterías y servicio móvil de comidas",56,I,I-ALOJAMIENTO Y SERVICIOS DE COMIDA,SAILORS TATTO ,13,2.0,Micro,40,0,0.0,1,9.0,9.75,125.0,,
2012,95333,Norte AMVA,23,563-Expendio de bebidas alcohólicas para el consumo dentro del establecimiento,56,I,I-ALOJAMIENTO Y SERVICIOS DE COMIDA,BANQUETES MASIERRA ,9,3.5,Micro,45,1,16.0,1,18.333333333333332,2.5,1322.625,,
2012,95365,Norte AMVA,23,563-Expendio de bebidas alcohólicas para el consumo dentro del establecimiento,56,I,I-ALOJAMIENTO Y SERVICIOS DE COMIDA,BANQUETES MASIERRA,9,3.5,Micro,45,1,16.0,1,18.88888888888889,2.5,281.25,,
2012,95368,Norte AMVA,23,563-Expendio de bebidas alcohólicas para el consumo dentro del establecimiento,56,I,I-ALOJAMIENTO Y SERVICIOS DE COMIDA,LORENBAR,7,4.5,Micro,400,1,36.0,0,11.571428571428571,3.25,216.5,,
2012,95369,Norte AMVA,23,"561-Actividades de restaurantes, cafeterías y servicio móvil de comidas",56,I,I-ALOJAMIENTO Y SERVICIOS DE COMIDA,PUNTO CERVECERO GIRARDOTA,10,3.5,Micro,16,1,9.0,1,8.571428571428571,5.0,221.0,,
2012,95491,Norte AMVA,23,"561-Actividades de restaurantes, cafeterías y servicio móvil de comidas",56,I,I-ALOJAMIENTO Y SERVICIOS DE COMIDA,KOKORICON,10,1.5,Micro,9,0,0.0,0,12.5,1.0,157.5,,
2012,95492,Norte AMVA,23,"561-Actividades de restaurantes, cafeterías y servicio móvil de comidas",56,I,I-ALOJAMIENTO Y SERVICIOS DE COMIDA,LA FUENTE DE LOS ANTOJOS,5,3.5,Micro,36,0,0.0,1,16.666666666666668,2.5,30.0,,
2012,96021,Norte AMVA,23,563-Expendio de bebidas alcohólicas para el consumo dentro del establecimiento,56,I,I-ALOJAMIENTO Y SERVICIOS DE COMIDA,FORONDA MUÑOZ CLAUDIA PATRICIA,23,1.0,Micro,20,1,4.0,1,20.0,4.0,697.2,,
2012,96109,Norte AMVA,23,"561-Actividades de restaurantes, cafeterías y servicio móvil de comidas",56,I,I-ALOJAMIENTO Y SERVICIOS DE COMIDA,HAMBURGUESAS LA 14,6,3.0,Micro,16,0,0.0,0,4.5,2.0,266.5,,
2012,96112,Norte AMVA,23,"561-Actividades de restaurantes, cafeterías y servicio móvil de comidas",56,I,I-ALOJAMIENTO Y SERVICIOS DE COMIDA,HELADOS MANANTIAL,12,3.0,Micro,9,0,0.0,1,3.0,2.0,1.1,,
2012,96182,Norte AMVA,23,563-Expendio de bebidas alcohólicas para el consumo dentro del establecimiento,56,I,I-ALOJAMIENTO Y SERVICIOS DE COMIDA,HOTEL TORRE JUAN,24,5.0,Micro,1450,0,0.0,0,12.0,1.5,270.0,,
2012,96228,Sur AMVA,25,"561-Actividades de restaurantes, cafeterías y servicio móvil de comidas",56,I,I-ALOJAMIENTO Y SERVICIOS DE COMIDA,LEGUMBRERIA LA CEIBA,12,2.5,Micro,20,0,0.0,1,15.0,13.25,1250.0,,
2012,100777,Sur AMVA,25,563-Expendio de bebidas alcohólicas para el consumo dentro del establecimiento,56,I,I-ALOJAMIENTO Y SERVICIOS DE COMIDA,BAR Y BILLARES SAN ANTONIO,14,3.0,Micro,100,0,0.0,1,17.5,27.75,378.75,,
2012,100793,Sur AMVA,25,563-Expendio de bebidas alcohólicas para el consumo dentro del establecimiento,56,I,I-ALOJAMIENTO Y SERVICIOS DE COMIDA,KOUTEK,10,1.0,Micro,38,0,0.0,1,10.0,3.0,76.25,,
2012,100917,Sur AMVA,25,563-Expendio de bebidas alcohólicas para el consumo dentro del establecimiento,56,I,I-ALOJAMIENTO Y SERVICIOS DE COMIDA,LA ANTIGUA CAFÉ-BAR,13,1.0,Micro,12,0,0.0,1,14.0,7.5,141.0,,
2012,108426,Sur AMVA,25,"561-Actividades de restaurantes, cafeterías y servicio móvil de comidas",56,I,I-ALOJAMIENTO Y SERVICIOS DE COMIDA,MOLINITOS COMIDAS RÁPIDAS,11,2.0,Micro,100,0,0.0,0,11.666666666666666,7.0,29.5,,
2012,108694,Sur AMVA,25,"561-Actividades de restaurantes, cafeterías y servicio móvil de comidas",56,I,I-ALOJAMIENTO Y SERVICIOS DE COMIDA,TIENDA NATURISTA COPAX,9,5.0,Micro,50,0,0.0,1,10.0,2.0,15.0,,
2012,108724,Sur AMVA,25,563-Expendio de bebidas alcohólicas para el consumo dentro del establecimiento,56,I,I-ALOJAMIENTO Y SERVICIOS DE COMIDA,HOTEL EL CASTILLO,24,10.0,Micro,500,0,0.0,0,10.0,8.0,98.75,,
2012,108725,Sur AMVA,25,563-Expendio de bebidas alcohólicas para el consumo dentro del establecimiento,56,I,I-ALOJAMIENTO Y SERVICIOS DE COMIDA,HOTEL MOMENTOS,24,4.0,Micro,500,0,0.0,0,10.0,5.5,106.5,,
2012,110517,Sur AMVA,25,"561-Actividades de restaurantes, cafeterías y servicio móvil de comidas",56,I,I-ALOJAMIENTO Y SERVICIOS DE COMIDA,MASTER LICORERA,9,1.0,Micro,10,0,0.0,1,30.0,2.0,225.0,,
2012,112008,Sur AMVA,25,"561-Actividades de restaurantes, cafeterías y servicio móvil de comidas",56,I,I-ALOJAMIENTO Y SERVICIOS DE COMIDA,PANELA FRANCISCO HERNÁNDEZ ,9,1.0,Micro,29,0,0.0,1,30.0,1.5,752.5,,
2012,112761,Sur AMVA,25,563-Expendio de bebidas alcohólicas para el consumo dentro del establecimiento,56,I,I-ALOJAMIENTO Y SERVICIOS DE COMIDA,RESTAURANTE LA PIADINA ,12,2.0,Micro,15,0,0.0,1,7.5,0.75,33.0,,
2012,112926,Sur AMVA,25,"561-Actividades de restaurantes, cafeterías y servicio móvil de comidas",56,I,I-ALOJAMIENTO Y SERVICIOS DE COMIDA,RANCHO Y LICORES TANQUERAY NO.1,8,2.0,Micro,12,0,0.0,0,10.0,2.5,52.5,,
2012,115164,Sur AMVA,28,"561-Actividades de restaurantes, cafeterías y servicio móvil de comidas",56,I,I-ALOJAMIENTO Y SERVICIOS DE COMIDA,PANADERÍA TRIGO Y MIEL ,14,4.0,Micro,10,0,0.0,1,10.0,4.0,41.25,,
2012,115239,Sur AMVA,28,"561-Actividades de restaurantes, cafeterías y servicio móvil de comidas",56,I,I-ALOJAMIENTO Y SERVICIOS DE COMIDA,LA PIZZARRA DEL SUR ,11,2.0,Micro,10,0,0.0,0,6.666666666666667,10.0,10.75,,
2012,115326,Sur AMVA,28,"561-Actividades de restaurantes, cafeterías y servicio móvil de comidas",56,I,I-ALOJAMIENTO Y SERVICIOS DE COMIDA,LA CABAÑA RESTAURANTE Y FONDA ,10,2.0,Micro,100,0,0.0,0,10.0,8.75,27.5,,
2012,117296,Sur AMVA,27,"561-Actividades de restaurantes, cafeterías y servicio móvil de comidas",56,I,I-ALOJAMIENTO Y SERVICIOS DE COMIDA,TIENDA MIXTA SANTANA ,12,2.0,Micro,40,0,0.0,0,5.0,4.0,424.5,,
2012,119584,Sur AMVA,27,563-Expendio de bebidas alcohólicas para el consumo dentro del establecimiento,56,I,I-ALOJAMIENTO Y SERVICIOS DE COMIDA,ESTANQUILLO GIROMA,13,1.5,Micro,60,0,0.0,1,5.0,3.25,1819.5,,
2012,119942,Sur AMVA,27,563-Expendio de bebidas alcohólicas para el consumo dentro del establecimiento,56,I,I-ALOJAMIENTO Y SERVICIOS DE COMIDA,RESTAURANTE LA DOCTORA ,10,12.0,Pequeña,500,1,1000.0,1,13.0,3.5,816.25,,
2012,120532,Sur AMVA,27,563-Expendio de bebidas alcohólicas para el consumo dentro del establecimiento,56,I,I-ALOJAMIENTO Y SERVICIOS DE COMIDA,HOTEL HACIENDA LA EXTREMADURA,24,16.0,Pequeña,1000,0,0.0,0,5.0,7.0,630.0,,
2012,124222,Sur AMVA,27,563-Expendio de bebidas alcohólicas para el consumo dentro del establecimiento,56,I,I-ALOJAMIENTO Y SERVICIOS DE COMIDA,PESEBRERA PUERTA ,11,8.0,Micro,400,0,0.0,1,5.0,1.5,405.0,,
2012,124249,Sur AMVA,27,"561-Actividades de restaurantes, cafeterías y servicio móvil de comidas",56,I,I-ALOJAMIENTO Y SERVICIOS DE COMIDA,QUAL PIZZA BAR ,9,2.0,Micro,20,1,225.0,0,11.666666666666666,11.5,32.625,,
2012,158004,Medellin,10,"561-Actividades de restaurantes, cafeterías y servicio móvil de comidas",56,I,I-ALOJAMIENTO Y SERVICIOS DE COMIDA,ARKA SA,12,16.0,Pequeña,180,1,10.0,1,22.5,3.0,680.0,,
2012,171753,Norte AMVA,24,"561-Actividades de restaurantes, cafeterías y servicio móvil de comidas",56,I,I-ALOJAMIENTO Y SERVICIOS DE COMIDA,HELADOS JUANLI,9,1.0,Micro,6,0,0.0,1,10.0,1.0,78.0,,
2012,171756,Norte AMVA,24,"561-Actividades de restaurantes, cafeterías y servicio móvil de comidas",56,I,I-ALOJAMIENTO Y SERVICIOS DE COMIDA,TIENDA ALMYT,9,1.0,Micro,48,1,12.0,1,10.0,0.25,224.0,,
2012,171764,Norte AMVA,24,563-Expendio de bebidas alcohólicas para el consumo dentro del establecimiento,56,I,I-ALOJAMIENTO Y SERVICIOS DE COMIDA,HOTEL Y LEGUMBRERIA ANA MARIA,24,3.0,Micro,35,0,0.0,1,35.0,7.5,1800.0,,
2012,171772,Norte AMVA,24,"561-Actividades de restaurantes, cafeterías y servicio móvil de comidas",56,I,I-ALOJAMIENTO Y SERVICIOS DE COMIDA,TODO HELADOS,11,1.0,Micro,18,0,0.0,1,6.0,2.25,310.0,,
2012,171773,Norte AMVA,24,563-Expendio de bebidas alcohólicas para el consumo dentro del establecimiento,56,I,I-ALOJAMIENTO Y SERVICIOS DE COMIDA,ESTANQUILLO CARLOS PUERTA,12,2.0,Micro,100,0,0.0,0,30.0,2.5,390.0,,
2012,171774,Norte AMVA,24,563-Expendio de bebidas alcohólicas para el consumo dentro del establecimiento,56,I,I-ALOJAMIENTO Y SERVICIOS DE COMIDA,BILLARES BARBOSA,15,2.5,Micro,150,0,0.0,0,10.0,1.0,675.0,,
2012,171777,Norte AMVA,24,"561-Actividades de restaurantes, cafeterías y servicio móvil de comidas",56,I,I-ALOJAMIENTO Y SERVICIOS DE COMIDA,HELADOS FRESLY,8,1.5,Micro,12,1,4.0,0,10.0,2.0,12.0,,
2012,171806,Norte AMVA,24,"561-Actividades de restaurantes, cafeterías y servicio móvil de comidas",56,I,I-ALOJAMIENTO Y SERVICIOS DE COMIDA,TORTAS Y HELADOS LA 17,10,1.5,Micro,60,1,15.0,0,9.142857142857142,10.0,126.0,,
2012,171810,Norte AMVA,24,"561-Actividades de restaurantes, cafeterías y servicio móvil de comidas",56,I,I-ALOJAMIENTO Y SERVICIOS DE COMIDA,PANADERIA FRAMPA,12,2.0,Micro,15,0,0.0,1,10.0,8.25,92.5,,
2012,171812,Norte AMVA,24,"561-Actividades de restaurantes, cafeterías y servicio móvil de comidas",56,I,I-ALOJAMIENTO Y SERVICIOS DE COMIDA,PANADERIA ISMA,10,1.0,Micro,28,0,0.0,1,8.571428571428571,8.75,210.0,,
2012,171822,Norte AMVA,24,"561-Actividades de restaurantes, cafeterías y servicio móvil de comidas",56,I,I-ALOJAMIENTO Y SERVICIOS DE COMIDA,LEGUMBRERIA LA NUEVA,13,3.5,Micro,50,0,0.0,1,15.0,7.5,750.0,,
2012,171893,Norte AMVA,23,"561-Actividades de restaurantes, cafeterías y servicio móvil de comidas",56,I,I-ALOJAMIENTO Y SERVICIOS DE COMIDA,panaderia saBrosa,13,3.0,Micro,40,1,8.0,1,9.5,2.25,207.75,,
2012,171896,Norte AMVA,23,"561-Actividades de restaurantes, cafeterías y servicio móvil de comidas",56,I,I-ALOJAMIENTO Y SERVICIOS DE COMIDA,heladeria miramar,9,1.0,Micro,100,0,0.0,0,10.0,1.0,450.0,,
2012,171897,Norte AMVA,23,"561-Actividades de restaurantes, cafeterías y servicio móvil de comidas",56,I,I-ALOJAMIENTO Y SERVICIOS DE COMIDA,licorera vanegas,5,1.0,Micro,4,0,0.0,1,10.0,1.0,45.0,,
2012,171901,Norte AMVA,23,"561-Actividades de restaurantes, cafeterías y servicio móvil de comidas",56,I,I-ALOJAMIENTO Y SERVICIOS DE COMIDA,tienda de carnes Girardota,10,6.0,Micro,35,0,0.0,1,13.1875,20.0,923.625,,
2012,178751,Sur AMVA,27,563-Expendio de bebidas alcohólicas para el consumo dentro del establecimiento,56,I,I-ALOJAMIENTO Y SERVICIOS DE COMIDA,Bar BomBay,13,4.0,Micro,120,1,24.0,1,10.0,6.0,437.5,,
2012,178752,Sur AMVA,27,"561-Actividades de restaurantes, cafeterías y servicio móvil de comidas",56,I,I-ALOJAMIENTO Y SERVICIOS DE COMIDA,rancheras y carrileras Bar,10,6.0,Micro,35,1,100.0,0,8.75,8.5,528.75,,
2012,178753,Sur AMVA,27,"561-Actividades de restaurantes, cafeterías y servicio móvil de comidas",56,I,I-ALOJAMIENTO Y SERVICIOS DE COMIDA,fonda la colomBianita,19,5.5,Micro,280,1,6.0,1,10.0,3.0,337.5,,
2012,178754,Sur AMVA,27,"561-Actividades de restaurantes, cafeterías y servicio móvil de comidas",56,I,I-ALOJAMIENTO Y SERVICIOS DE COMIDA,cafeteria restaurante el viejo john,15,9.0,Micro,250,1,12.0,0,15.0,16.5,925.0,,
2012,178762,Sur AMVA,27,"561-Actividades de restaurantes, cafeterías y servicio móvil de comidas",56,I,I-ALOJAMIENTO Y SERVICIOS DE COMIDA,punto como arepas al carBon,14,3.5,Micro,35,0,0.0,1,9.0,3.0,153.75,,
2012,178763,Sur AMVA,27,563-Expendio de bebidas alcohólicas para el consumo dentro del establecimiento,56,I,I-ALOJAMIENTO Y SERVICIOS DE COMIDA,restaurante macondo,11,3.0,Micro,45,0,0.0,1,13.0,21.25,36.25,,
2012,178764,Sur AMVA,27,563-Expendio de bebidas alcohólicas para el consumo dentro del establecimiento,56,I,I-ALOJAMIENTO Y SERVICIOS DE COMIDA,DISCOTEK CANALON BAR Y CARBON,19,10.0,Micro,350,1,15.0,1,10.0,4.0,337.5,,
2012,178765,Sur AMVA,27,"561-Actividades de restaurantes, cafeterías y servicio móvil de comidas",56,I,I-ALOJAMIENTO Y SERVICIOS DE COMIDA,pizza loca,13,3.5,Micro,25,0,0.0,1,6.666666666666667,3.25,279.375,,
2012,178766,Sur AMVA,27,"561-Actividades de restaurantes, cafeterías y servicio móvil de comidas",56,I,I-ALOJAMIENTO Y SERVICIOS DE COMIDA,Brosty saBaneta,9,12.0,Pequeña,180,0,0.0,1,8.571428571428571,9.0,256.25,,
2012,178768,Sur AMVA,27,563-Expendio de bebidas alcohólicas para el consumo dentro del establecimiento,56,I,I-ALOJAMIENTO Y SERVICIOS DE COMIDA,restaurante la 44,12,5.5,Micro,80,0,0.0,1,7.5,9.5,220.0,,
2012,178769,Sur AMVA,27,"561-Actividades de restaurantes, cafeterías y servicio móvil de comidas",56,I,I-ALOJAMIENTO Y SERVICIOS DE COMIDA,chaparrancho restaurante Bar,13,5.0,Micro,200,1,30.0,0,5.0,7.5,197.5,,
2012,178770,Sur AMVA,27,"561-Actividades de restaurantes, cafeterías y servicio móvil de comidas",56,I,I-ALOJAMIENTO Y SERVICIOS DE COMIDA,comida rapida champi loco,13,3.0,Micro,15,0,0.0,1,7.5,8.0,192.5,,
2012,178773,Sur AMVA,27,"561-Actividades de restaurantes, cafeterías y servicio móvil de comidas",56,I,I-ALOJAMIENTO Y SERVICIOS DE COMIDA,pollos mawy,13,3.5,Micro,25,0,0.0,1,8.0,7.75,116.25,,
2012,178774,Sur AMVA,27,"561-Actividades de restaurantes, cafeterías y servicio móvil de comidas",56,I,I-ALOJAMIENTO Y SERVICIOS DE COMIDA,panaderio el punto del Buñuelo,13,4.0,Micro,24,0,0.0,0,6.0,8.75,33.75,,
2012,178777,Sur AMVA,27,"561-Actividades de restaurantes, cafeterías y servicio móvil de comidas",56,I,I-ALOJAMIENTO Y SERVICIOS DE COMIDA,alex carne de res,11,5.0,Micro,120,1,24.0,1,9.0,13.5,537.5,,
2012,178778,Sur AMVA,27,"561-Actividades de restaurantes, cafeterías y servicio móvil de comidas",56,I,I-ALOJAMIENTO Y SERVICIOS DE COMIDA,hamBurguesas y carnes oskar´s,13,4.0,Micro,25,0,0.0,0,11.666666666666666,20.0,327.5,,
2012,178783,Sur AMVA,28,"561-Actividades de restaurantes, cafeterías y servicio móvil de comidas",56,I,I-ALOJAMIENTO Y SERVICIOS DE COMIDA,cafeteria licorera san diego,14,3.0,Micro,80,0,0.0,1,8.0,8.25,455.125,,
2012,178786,Sur AMVA,28,"561-Actividades de restaurantes, cafeterías y servicio móvil de comidas",56,I,I-ALOJAMIENTO Y SERVICIOS DE COMIDA,pa mi casa restaurante Bar,13,5.0,Micro,100,0,0.0,1,12.0,16.25,181.25,,
2012,178787,Sur AMVA,28,563-Expendio de bebidas alcohólicas para el consumo dentro del establecimiento,56,I,I-ALOJAMIENTO Y SERVICIOS DE COMIDA,restaurante maricely,9,3.0,Micro,20,0,0.0,1,12.0,15.0,22.875,,
2012,178788,Sur AMVA,28,563-Expendio de bebidas alcohólicas para el consumo dentro del establecimiento,56,I,I-ALOJAMIENTO Y SERVICIOS DE COMIDA,fonda canahuate,9,4.0,Micro,150,1,6.0,1,7.0,8.75,412.5,,
2012,178790,Sur AMVA,28,"561-Actividades de restaurantes, cafeterías y servicio móvil de comidas",56,I,I-ALOJAMIENTO Y SERVICIOS DE COMIDA,la pizzarra,10,3.0,Micro,18,0,0.0,1,5.0,8.5,131.25,,
2012,178791,Sur AMVA,28,563-Expendio de bebidas alcohólicas para el consumo dentro del establecimiento,56,I,I-ALOJAMIENTO Y SERVICIOS DE COMIDA,discoteca san fermin,7,3.5,Micro,150,0,0.0,1,5.0,8.25,157.5,,
2012,178793,Sur AMVA,28,563-Expendio de bebidas alcohólicas para el consumo dentro del establecimiento,56,I,I-ALOJAMIENTO Y SERVICIOS DE COMIDA,drogas y descuentos,11,2.0,Micro,25,0,0.0,1,7.5,1.0,80.0,,
2012,178795,Sur AMVA,28,"561-Actividades de restaurantes, cafeterías y servicio móvil de comidas",56,I,I-ALOJAMIENTO Y SERVICIOS DE COMIDA,panaderia come alguito,17,2.0,Micro,90,0,0.0,1,9.0,9.0,72.5,,
2012,178798,Sur AMVA,28,563-Expendio de bebidas alcohólicas para el consumo dentro del establecimiento,56,I,I-ALOJAMIENTO Y SERVICIOS DE COMIDA,Billares perea,13,2.0,Micro,80,0,0.0,1,13.571428571428571,6.5,247.5,,
2012,178800,Sur AMVA,28,563-Expendio de bebidas alcohólicas para el consumo dentro del establecimiento,56,I,I-ALOJAMIENTO Y SERVICIOS DE COMIDA,porton shots and drinks,8,2.0,Micro,25,0,0.0,1,7.5,6.0,112.5,,
2018,1001003,Sur AMVA,28,563-Expendio de bebidas alcohólicas para el consumo dentro del establecimiento,56,I,I-ALOJAMIENTO Y SERVICIOS DE COMIDA,BAR KALAMARI,17,2.0,Micro,160,1,160.0,0,20.0,2.0,186.0,,
2018,1001006,Sur AMVA,28,563-Expendio de bebidas alcohólicas para el consumo dentro del establecimiento,56,I,I-ALOJAMIENTO Y SERVICIOS DE COMIDA,MANSERITIS,11,1.0,Micro,40,1,40.0,0,15.0,2.0,64.0,,
2018,1001015,Sur AMVA,29,"561-Actividades de restaurantes, cafeterías y servicio móvil de comidas",56,I,I-ALOJAMIENTO Y SERVICIOS DE COMIDA,HELADERIA LA BORINQUEÑA,15,1.0,Micro,50,1,50.0,0,20.0,3.0,315.0,,
2018,1001019,Sur AMVA,29,"561-Actividades de restaurantes, cafeterías y servicio móvil de comidas",56,I,I-ALOJAMIENTO Y SERVICIOS DE COMIDA,EMPANADAS ANTIOQUEÑAS,14,3.0,Micro,64,1,64.0,0,15.0,7.5,18.125,,
2018,1001020,Sur AMVA,29,"561-Actividades de restaurantes, cafeterías y servicio móvil de comidas",56,I,I-ALOJAMIENTO Y SERVICIOS DE COMIDA,LA TRIGALIA,16,5.0,Micro,105,1,105.0,0,15.0,10.5,713.4,,
2018,1001032,Norte AMVA,22,563-Expendio de bebidas alcohólicas para el consumo dentro del establecimiento,56,I,I-ALOJAMIENTO Y SERVICIOS DE COMIDA,GRANERO MIXTO BILLAR RIOS,12,1.0,Micro,80,1,80.0,0,5.0,2.0,175.0,,
2018,1001038,Medellin,10,563-Expendio de bebidas alcohólicas para el consumo dentro del establecimiento,56,I,I-ALOJAMIENTO Y SERVICIOS DE COMIDA,TABERNA METROCHUCHA,10,1.0,Micro,30,1,30.0,0,10.0,1.0,270.0,,
2018,1001039,Medellin,10,"561-Actividades de restaurantes, cafeterías y servicio móvil de comidas",56,I,I-ALOJAMIENTO Y SERVICIOS DE COMIDA,DON BROSTY,14,5.0,Micro,50,1,50.0,0,20.0,7.5,590.0,,
2018,1001045,Medellin,10,"561-Actividades de restaurantes, cafeterías y servicio móvil de comidas",56,I,I-ALOJAMIENTO Y SERVICIOS DE COMIDA,MIN JI,11,2.0,Micro,40,1,40.0,0,3.0,3.0,680.0,,
2018,1001050,Medellin,10,"561-Actividades de restaurantes, cafeterías y servicio móvil de comidas",56,I,I-ALOJAMIENTO Y SERVICIOS DE COMIDA,PANADERIA LA ANTIOQUEÑITA,24,15.0,Pequeña,60,1,60.0,0,15.0,3.0,497.0,,
2018,1001051,Medellin,10,563-Expendio de bebidas alcohólicas para el consumo dentro del establecimiento,56,I,I-ALOJAMIENTO Y SERVICIOS DE COMIDA,AMIGOS 00,9,1.0,Micro,30,1,30.0,0,10.0,3.0,500.0,,
2018,1001052,Medellin,10,563-Expendio de bebidas alcohólicas para el consumo dentro del establecimiento,56,I,I-ALOJAMIENTO Y SERVICIOS DE COMIDA,CHARCUTERIA NARIÑO,14,1.0,Micro,30,1,30.0,0,10.0,3.0,130.0,,
2018,1001055,Medellin,10,"561-Actividades de restaurantes, cafeterías y servicio móvil de comidas",56,I,I-ALOJAMIENTO Y SERVICIOS DE COMIDA,TRIGO Y CAFE,16,3.0,Micro,50,1,50.0,0,10.0,7.75,279.0,,
2018,1001061,Medellin,10,563-Expendio de bebidas alcohólicas para el consumo dentro del establecimiento,56,I,I-ALOJAMIENTO Y SERVICIOS DE COMIDA,CL 47 A 99 12,16,1.0,Micro,18,1,18.0,0,20.0,2.0,200.0,,
2018,1001073,Medellin,10,"561-Actividades de restaurantes, cafeterías y servicio móvil de comidas",56,I,I-ALOJAMIENTO Y SERVICIOS DE COMIDA,RESTAURANTE EL CALENTADO,7,3.0,Micro,25,1,25.0,0,5.0,3.0,117.0,,
2018,1001076,Medellin,10,563-Expendio de bebidas alcohólicas para el consumo dentro del establecimiento,56,I,I-ALOJAMIENTO Y SERVICIOS DE COMIDA,TIENDA HIS,14,1.0,Micro,40,1,40.0,0,10.0,0.5,36.0,,
2018,1001077,Medellin,10,"561-Actividades de restaurantes, cafeterías y servicio móvil de comidas",56,I,I-ALOJAMIENTO Y SERVICIOS DE COMIDA,RESTAURANTE LOS MOLINOS,13,5.0,Micro,70,1,70.0,0,10.0,4.0,257.0,,
2018,1001086,Medellin,10,"561-Actividades de restaurantes, cafeterías y servicio móvil de comidas",56,I,I-ALOJAMIENTO Y SERVICIOS DE COMIDA,EURO PAN,24,8.0,Micro,100,1,100.0,0,15.0,3.0,485.0,,
2018,1001098,Medellin,10,563-Expendio de bebidas alcohólicas para el consumo dentro del establecimiento,56,I,I-ALOJAMIENTO Y SERVICIOS DE COMIDA,SALSAMENTARIA LOS VETERANOS,16,2.0,Micro,40,1,40.0,0,10.0,3.0,255.54000000000002,,
2018,1001108,Medellin,10,563-Expendio de bebidas alcohólicas para el consumo dentro del establecimiento,56,I,I-ALOJAMIENTO Y SERVICIOS DE COMIDA,BILLARES LA 100,13,1.0,Micro,60,1,60.0,0,3.0,4.0,205.8,,
2018,1001123,Medellin,10,"561-Actividades de restaurantes, cafeterías y servicio móvil de comidas",56,I,I-ALOJAMIENTO Y SERVICIOS DE COMIDA,RESTAURANTE EL BUEN SAZON,24,2.0,Micro,20,1,0.0,0,15.0,4.0,220.0,,
2018,1001145,Medellin,10,563-Expendio de bebidas alcohólicas para el consumo dentro del establecimiento,56,I,I-ALOJAMIENTO Y SERVICIOS DE COMIDA,BILLARES SUAREZ,24,2.0,Micro,50,1,0.0,0,10.0,2.0,1084.0,,
2018,1001165,Medellin,10,"561-Actividades de restaurantes, cafeterías y servicio móvil de comidas",56,I,I-ALOJAMIENTO Y SERVICIOS DE COMIDA,DINER HOUSE,24,7.0,Micro,60,1,0.0,0,30.0,8.5,545.0,,
2018,1121121,Medellin,10,"561-Actividades de restaurantes, cafeterías y servicio móvil de comidas",56,I,I-ALOJAMIENTO Y SERVICIOS DE COMIDA,DESAYUNOS Y ALMUERZOA SANDRA Y OLGA,24,2.0,Micro,43,1,0.0,0,15.0,0.25,50.0,,
2018,2001027,Norte AMVA,23,563-Expendio de bebidas alcohólicas para el consumo dentro del establecimiento,56,I,I-ALOJAMIENTO Y SERVICIOS DE COMIDA,RANCHO ALEGRE,11,3.0,Micro,65,1,65.0,0,3.5,10.0,2224.0,,
2018,2001037,Medellin,10,563-Expendio de bebidas alcohólicas para el consumo dentro del establecimiento,56,I,I-ALOJAMIENTO Y SERVICIOS DE COMIDA,CHUTUS,18,2.0,Micro,47,1,47.0,0,15.0,9.0,775.0,,
2018,2001041,Medellin,10,"561-Actividades de restaurantes, cafeterías y servicio móvil de comidas",56,I,I-ALOJAMIENTO Y SERVICIOS DE COMIDA,JOSTINTOS,13,2.0,Micro,53,1,53.0,0,5.0,22.0,380.5,,
2018,2001048,Medellin,10,"561-Actividades de restaurantes, cafeterías y servicio móvil de comidas",56,I,I-ALOJAMIENTO Y SERVICIOS DE COMIDA,HELADERIA EL DANUBIO,12,2.0,Micro,110,1,110.0,0,2.0,5.0,272.0,,
2018,2001062,Medellin,10,"561-Actividades de restaurantes, cafeterías y servicio móvil de comidas",56,I,I-ALOJAMIENTO Y SERVICIOS DE COMIDA,BUEN CAFE,13,2.0,Micro,12,1,12.0,0,10.0,19.0,234.1,,
2018,2001119,Medellin,10,563-Expendio de bebidas alcohólicas para el consumo dentro del establecimiento,56,I,I-ALOJAMIENTO Y SERVICIOS DE COMIDA,BAR LILIANA,24,2.0,Micro,45,1,0.0,0,5.0,3.0,350.0,,
2018,3001001,Sur AMVA,25,"561-Actividades de restaurantes, cafeterías y servicio móvil de comidas",56,I,I-ALOJAMIENTO Y SERVICIOS DE COMIDA,BROSTY POLLO SANTA MARIA,15,5.0,Micro,300,1,300.0,0,10.0,21.5,8033.75,,
2018,3001045,Medellin,10,563-Expendio de bebidas alcohólicas para el consumo dentro del establecimiento,56,I,I-ALOJAMIENTO Y SERVICIOS DE COMIDA,SALSAMENTARIOA PALOS VERDES,14,1.0,Micro,100,1,100.0,0,15.0,5.0,17610.0,,
2018,3001046,Medellin,10,"561-Actividades de restaurantes, cafeterías y servicio móvil de comidas",56,I,I-ALOJAMIENTO Y SERVICIOS DE COMIDA,DULCE ENCANTO,10,1.0,Micro,20,1,20.0,0,2.0,5.0,30.0,,
2018,3001049,Medellin,10,563-Expendio de bebidas alcohólicas para el consumo dentro del establecimiento,56,I,I-ALOJAMIENTO Y SERVICIOS DE COMIDA,SOBREDOSIS,17,3.0,Micro,50,1,50.0,0,8.0,5.25,240.0,,
2018,3001050,Medellin,10,563-Expendio de bebidas alcohólicas para el consumo dentro del establecimiento,56,I,I-ALOJAMIENTO Y SERVICIOS DE COMIDA,REFUGION DE LEO,18,2.0,Micro,170,1,170.0,0,5.0,5.0,14000.0,,
2018,3001051,Medellin,10,"561-Actividades de restaurantes, cafeterías y servicio móvil de comidas",56,I,I-ALOJAMIENTO Y SERVICIOS DE COMIDA,EL CHOCOLE,8,3.0,Micro,70,1,70.0,0,2.0,4.25,12.5,,
2018,3001052,Medellin,10,563-Expendio de bebidas alcohólicas para el consumo dentro del establecimiento,56,I,I-ALOJAMIENTO Y SERVICIOS DE COMIDA,BAR MAQUINITASD,12,1.0,Micro,40,1,40.0,0,10.0,4.0,3313.0,,
2018,3001053,Medellin,10,"561-Actividades de restaurantes, cafeterías y servicio móvil de comidas",56,I,I-ALOJAMIENTO Y SERVICIOS DE COMIDA,HELADERIA CONE,10,6.0,Micro,50,1,50.0,0,5.0,10.5,222.5,,
2018,3001054,Medellin,10,563-Expendio de bebidas alcohólicas para el consumo dentro del establecimiento,56,I,I-ALOJAMIENTO Y SERVICIOS DE COMIDA,BAR PARCHE DE EDWAR,11,2.0,Micro,60,1,60.0,0,10.0,2.0,3270.0,,
2018,3001061,Medellin,10,"561-Actividades de restaurantes, cafeterías y servicio móvil de comidas",56,I,I-ALOJAMIENTO Y SERVICIOS DE COMIDA,ATELOS PIZZA,10,3.0,Micro,21,1,21.0,0,5.0,3.0,2602.0,,
2018,3001063,Medellin,10,"561-Actividades de restaurantes, cafeterías y servicio móvil de comidas",56,I,I-ALOJAMIENTO Y SERVICIOS DE COMIDA,ASADO NUEVO MILENIO,15,10.0,Micro,100,1,100.0,0,30.0,4.25,1030.0,,
2018,3001072,Medellin,10,"561-Actividades de restaurantes, cafeterías y servicio móvil de comidas",56,I,I-ALOJAMIENTO Y SERVICIOS DE COMIDA,RESTAURANTE GRAN COMEDOR,10,4.0,Micro,200,1,200.0,0,30.0,5.0,5000.0,,
2018,3001109,Medellin,10,"561-Actividades de restaurantes, cafeterías y servicio móvil de comidas",56,I,I-ALOJAMIENTO Y SERVICIOS DE COMIDA,NELSY PIZZA,10,3.0,Micro,100,1,100.0,0,10.0,4.0,100.0,,
2018,3001112,Medellin,10,563-Expendio de bebidas alcohólicas para el consumo dentro del establecimiento,56,I,I-ALOJAMIENTO Y SERVICIOS DE COMIDA,BILLARES EL SOTANO,9,3.0,Micro,80,1,80.0,0,5.0,3.0,242.4,,
2018,3001113,Medellin,10,"561-Actividades de restaurantes, cafeterías y servicio móvil de comidas",56,I,I-ALOJAMIENTO Y SERVICIOS DE COMIDA,NELSY PIZZERIA Nº2 ,12,3.0,Micro,40,1,40.0,0,10.0,2.0,75.0,,
2018,3001114,Medellin,10,563-Expendio de bebidas alcohólicas para el consumo dentro del establecimiento,56,I,I-ALOJAMIENTO Y SERVICIOS DE COMIDA,BILLARES AURES,12,2.0,Micro,130,1,130.0,0,30.0,3.0,201.0,,
2018,4001001,Norte AMVA,22,563-Expendio de bebidas alcohólicas para el consumo dentro del establecimiento,56,I,I-ALOJAMIENTO Y SERVICIOS DE COMIDA,BAR FARVZK,10,7.0,Micro,220,1,220.0,0,30.0,5.0,5948.0,,
2018,4001011,Norte AMVA,22,"561-Actividades de restaurantes, cafeterías y servicio móvil de comidas",56,I,I-ALOJAMIENTO Y SERVICIOS DE COMIDA,RESTAURANTE EL MEJOR PUNTO DE SOPAS Y GRATINADO,10,2.0,Micro,30,1,30.0,0,10.0,5.5,149.5,,
2018,4001012,Norte AMVA,22,"561-Actividades de restaurantes, cafeterías y servicio móvil de comidas",56,I,I-ALOJAMIENTO Y SERVICIOS DE COMIDA,LA ORQUEDEA,16,2.0,Micro,36,1,36.0,0,2.0,7.0,376.0,,
2018,4001013,Norte AMVA,22,"561-Actividades de restaurantes, cafeterías y servicio móvil de comidas",56,I,I-ALOJAMIENTO Y SERVICIOS DE COMIDA,BRASAS PAN,16,9.0,Micro,48,1,48.0,0,15.0,15.0,4561.0,,
2018,4001022,Sur AMVA,29,563-Expendio de bebidas alcohólicas para el consumo dentro del establecimiento,56,I,I-ALOJAMIENTO Y SERVICIOS DE COMIDA,HLADERIA EL PUNTO DE LA COPA,16,2.0,Micro,48,1,48.0,0,20.0,3.0,580.0,,
2018,4001023,Sur AMVA,29,563-Expendio de bebidas alcohólicas para el consumo dentro del establecimiento,56,I,I-ALOJAMIENTO Y SERVICIOS DE COMIDA,UNA COPA MAS,18,3.0,Micro,76,1,76.0,0,20.0,5.0,266.0,,
2018,4001024,Sur AMVA,29,563-Expendio de bebidas alcohólicas para el consumo dentro del establecimiento,56,I,I-ALOJAMIENTO Y SERVICIOS DE COMIDA,BAR ROCERIA,14,3.0,Micro,60,1,60.0,0,30.0,4.0,662.0,,
2018,4001085,Medellin,10,"561-Actividades de restaurantes, cafeterías y servicio móvil de comidas",56,I,I-ALOJAMIENTO Y SERVICIOS DE COMIDA,SENSACIONES,9,3.0,Micro,28,1,28.0,0,5.0,4.0,230.0,,
2018,4001101,Medellin,10,563-Expendio de bebidas alcohólicas para el consumo dentro del establecimiento,56,I,I-ALOJAMIENTO Y SERVICIOS DE COMIDA,FORMA LA CASCADA,7,1.0,Micro,42,1,42.0,0,10.0,5.0,862.0,,
2018,4001116,Medellin,10,"561-Actividades de restaurantes, cafeterías y servicio móvil de comidas",56,I,I-ALOJAMIENTO Y SERVICIOS DE COMIDA,RESTAURANTE VILLAHERMOSA,10,4.0,Micro,60,1,60.0,0,5.0,73.0,896.5,,
2018,4001117,Medellin,10,"561-Actividades de restaurantes, cafeterías y servicio móvil de comidas",56,I,I-ALOJAMIENTO Y SERVICIOS DE COMIDA,MAGLOVE,24,8.0,Micro,80,1,80.0,0,20.0,18.5,1603.0,,
2018,4001118,Medellin,10,"561-Actividades de restaurantes, cafeterías y servicio móvil de comidas",56,I,I-ALOJAMIENTO Y SERVICIOS DE COMIDA,BRASAS DE COLOMBIA,11,7.0,Micro,60,1,60.0,0,5.0,5.0,763.0,,
2018,5001017,Norte AMVA,22,563-Expendio de bebidas alcohólicas para el consumo dentro del establecimiento,56,I,I-ALOJAMIENTO Y SERVICIOS DE COMIDA,ALX CIGARRERIA,12,2.0,Micro,40,1,40.0,0,10.0,6.0,453.5,,
2018,5001021,Norte AMVA,22,563-Expendio de bebidas alcohólicas para el consumo dentro del establecimiento,56,I,I-ALOJAMIENTO Y SERVICIOS DE COMIDA,GRANERO BRAYESTY,16,1.0,Micro,24,1,24.0,0,5.0,9.0,483.7,,
2018,5001058,Medellin,10,"561-Actividades de restaurantes, cafeterías y servicio móvil de comidas",56,I,I-ALOJAMIENTO Y SERVICIOS DE COMIDA,SANTO SABOR,9,5.0,Micro,32,1,32.0,0,5.0,9.5,242.1,,
2018,5001059,Medellin,10,"561-Actividades de restaurantes, cafeterías y servicio móvil de comidas",56,I,I-ALOJAMIENTO Y SERVICIOS DE COMIDA,TOSKANA,12,5.0,Micro,75,1,75.0,0,10.0,4.0,480.0,,
2018,5001066,Medellin,10,"561-Actividades de restaurantes, cafeterías y servicio móvil de comidas",56,I,I-ALOJAMIENTO Y SERVICIOS DE COMIDA,PIZZAS MR. VALENTINO S,10,2.0,Micro,18,1,18.0,0,10.0,4.0,95.0,,
2018,5001067,Medellin,10,"561-Actividades de restaurantes, cafeterías y servicio móvil de comidas",56,I,I-ALOJAMIENTO Y SERVICIOS DE COMIDA,EMPANADAS DOÑA OVI,14,2.0,Micro,8,1,8.0,0,5.0,7.5,91.5,,
2018,5001069,Medellin,10,"561-Actividades de restaurantes, cafeterías y servicio móvil de comidas",56,I,I-ALOJAMIENTO Y SERVICIOS DE COMIDA,YELLOS TOM,9,2.0,Micro,35,1,35.0,0,15.0,2.5,59.5,,
2018,5001088,Medellin,10,"561-Actividades de restaurantes, cafeterías y servicio móvil de comidas",56,I,I-ALOJAMIENTO Y SERVICIOS DE COMIDA,HELADOS SUAREZ,12,2.0,Micro,35,1,35.0,0,10.0,3.0,750.0,,
2018,5001095,Medellin,10,"561-Actividades de restaurantes, cafeterías y servicio móvil de comidas",56,I,I-ALOJAMIENTO Y SERVICIOS DE COMIDA,RESTAURANTE DOÑA ANA,11,3.0,Micro,90,1,90.0,0,2.0,4.0,166.0,,
2018,5001107,Medellin,10,563-Expendio de bebidas alcohólicas para el consumo dentro del establecimiento,56,I,I-ALOJAMIENTO Y SERVICIOS DE COMIDA,LA ZAFRA,10,2.0,Micro,115,1,115.0,0,2.0,4.0,410.0,,
2018,6001011,Norte AMVA,23,"561-Actividades de restaurantes, cafeterías y servicio móvil de comidas",56,I,I-ALOJAMIENTO Y SERVICIOS DE COMIDA,HIRCANIA HAMBURGUESAS S.A.S,16,6.0,Micro,95,1,95.0,0,10.0,12.0,260.6,,
2018,6001024,Norte AMVA,21,"561-Actividades de restaurantes, cafeterías y servicio móvil de comidas",56,I,I-ALOJAMIENTO Y SERVICIOS DE COMIDA,ASADERO DE POLLO ANA S.A,8,3.0,Micro,120,1,120.0,0,10.0,17.0,346.6,,
2018,6001032,Sur AMVA,28,"561-Actividades de restaurantes, cafeterías y servicio móvil de comidas",56,I,I-ALOJAMIENTO Y SERVICIOS DE COMIDA,LOS ALMUERZO DE MI TIA S.A.S,8,3.0,Micro,80,1,80.0,0,10.0,10.0,435.5,,
2018,6001039,Norte AMVA,24,"561-Actividades de restaurantes, cafeterías y servicio móvil de comidas",56,I,I-ALOJAMIENTO Y SERVICIOS DE COMIDA,CAFETERIA SANTA MONICA,15,2.0,Micro,50,1,50.0,0,2.0,9.0,125.8,,
2018,6001040,Norte AMVA,24,563-Expendio de bebidas alcohólicas para el consumo dentro del establecimiento,56,I,I-ALOJAMIENTO Y SERVICIOS DE COMIDA,ESTANQUILLO CARLOS PUERTA,14,2.0,Micro,50,1,50.0,0,15.0,8.0,377.6,,
2018,6001050,Sur AMVA,27,"561-Actividades de restaurantes, cafeterías y servicio móvil de comidas",56,I,I-ALOJAMIENTO Y SERVICIOS DE COMIDA,BODEGUITA EXPRESS S.A.S,12,10.0,Micro,130,1,130.0,0,20.0,20.0,654.5,,
2018,6001069,Medellin,10,"561-Actividades de restaurantes, cafeterías y servicio móvil de comidas",56,I,I-ALOJAMIENTO Y SERVICIOS DE COMIDA,CAFE CORDILLERA S.A.S,14,2.0,Micro,20,1,20.0,0,5.0,9.0,25.0,,
2018,6001088,Medellin,10,"561-Actividades de restaurantes, cafeterías y servicio móvil de comidas",56,I,I-ALOJAMIENTO Y SERVICIOS DE COMIDA,RESTAURANTE M&M S.A.S,10,2.0,Micro,28,1,28.0,0,10.0,10.5,144.5,,
2018,6001098,Medellin,10,"561-Actividades de restaurantes, cafeterías y servicio móvil de comidas",56,I,I-ALOJAMIENTO Y SERVICIOS DE COMIDA,RESTAURANTE WALTER CARDONA S.A.S,14,4.0,Micro,25,1,25.0,0,5.0,27.0,138.25,,
2018,6001101,Medellin,10,"561-Actividades de restaurantes, cafeterías y servicio móvil de comidas",56,I,I-ALOJAMIENTO Y SERVICIOS DE COMIDA,LA TERTULIA S.A.S,12,2.0,Micro,42,1,42.0,0,3.0,5.5,125.5,,
2018,6001105,Medellin,10,563-Expendio de bebidas alcohólicas para el consumo dentro del establecimiento,56,I,I-ALOJAMIENTO Y SERVICIOS DE COMIDA,PECADOS S.A.S,8,5.0,Micro,80,1,80.0,0,15.0,6.0,465.0,,
2018,6001115,Medellin,10,"561-Actividades de restaurantes, cafeterías y servicio móvil de comidas",56,I,I-ALOJAMIENTO Y SERVICIOS DE COMIDA,QUE EMPANADAS S.A,15,4.0,Micro,30,1,30.0,0,10.0,8.0,324.5,,
2018,6001117,Medellin,10,"561-Actividades de restaurantes, cafeterías y servicio móvil de comidas",56,I,I-ALOJAMIENTO Y SERVICIOS DE COMIDA,DI MARIA GOURMET S.A.S,15,2.0,Micro,25,1,25.0,0,5.0,11.5,141.0,,
2018,7001026,Medellin,10,563-Expendio de bebidas alcohólicas para el consumo dentro del establecimiento,56,I,I-ALOJAMIENTO Y SERVICIOS DE COMIDA,SIN NOMBRE,7,3.0,Micro,40,1,40.0,0,10.0,4.0,186.0,,
2018,7001032,Medellin,10,563-Expendio de bebidas alcohólicas para el consumo dentro del establecimiento,56,I,I-ALOJAMIENTO Y SERVICIOS DE COMIDA,EL CARRETERO,12,4.0,Micro,36,1,36.0,0,5.0,4.0,334.0,,
2018,7001041,Medellin,10,"561-Actividades de restaurantes, cafeterías y servicio móvil de comidas",56,I,I-ALOJAMIENTO Y SERVICIOS DE COMIDA,YAVA ANTOJOS,5,2.0,Micro,36,1,36.0,0,3.0,2.0,20.0,,
2018,7001043,Medellin,10,"561-Actividades de restaurantes, cafeterías y servicio móvil de comidas",56,I,I-ALOJAMIENTO Y SERVICIOS DE COMIDA,RESTAURANTE DOÑA MARGOT,10,2.0,Micro,32,1,32.0,0,1.0,19.5,162.5,,
2018,7001057,Medellin,10,"561-Actividades de restaurantes, cafeterías y servicio móvil de comidas",56,I,I-ALOJAMIENTO Y SERVICIOS DE COMIDA,CR 78 # 98 -25,15,2.0,Micro,12,1,12.0,0,10.0,4.0,138.0,,
2018,7001059,Medellin,10,"561-Actividades de restaurantes, cafeterías y servicio móvil de comidas",56,I,I-ALOJAMIENTO Y SERVICIOS DE COMIDA,EMPANADAS MARIA,24,3.0,Micro,6,1,6.0,0,10.0,7.5,165.0,,
2018,7001074,Medellin,10,"561-Actividades de restaurantes, cafeterías y servicio móvil de comidas",56,I,I-ALOJAMIENTO Y SERVICIOS DE COMIDA,BAR MONI JUEGOS,13,1.0,Micro,40,1,40.0,0,15.0,2.0,120.0,,
2018,7001075,Medellin,10,"561-Actividades de restaurantes, cafeterías y servicio móvil de comidas",56,I,I-ALOJAMIENTO Y SERVICIOS DE COMIDA,BAR Y LARES LA 80,12,2.0,Micro,22,1,22.0,0,10.0,3.0,3050.0,,
2018,7001089,Medellin,10,"561-Actividades de restaurantes, cafeterías y servicio móvil de comidas",56,I,I-ALOJAMIENTO Y SERVICIOS DE COMIDA,EMPANADAS DON TRANQUILO,17,2.0,Micro,60,1,60.0,0,5.0,28.0,360.0,,
2018,7001093,Medellin,10,"561-Actividades de restaurantes, cafeterías y servicio móvil de comidas",56,I,I-ALOJAMIENTO Y SERVICIOS DE COMIDA,RESTAURANTE LA SAZON,14,3.0,Micro,60,1,60.0,0,5.0,32.5,364.0,,
2018,7001094,Medellin,10,"561-Actividades de restaurantes, cafeterías y servicio móvil de comidas",56,I,I-ALOJAMIENTO Y SERVICIOS DE COMIDA,CR 79 # 91 - 24,9,3.0,Micro,24,1,24.0,0,3.0,3.0,19.1,,
2018,8001012,Norte AMVA,21,"561-Actividades de restaurantes, cafeterías y servicio móvil de comidas",56,I,I-ALOJAMIENTO Y SERVICIOS DE COMIDA,CAFETERIA METROBELLO,13,2.0,Micro,5,1,5.0,0,5.0,3.0,60.0,,
2018,8001022,Sur AMVA,25,"561-Actividades de restaurantes, cafeterías y servicio móvil de comidas",56,I,I-ALOJAMIENTO Y SERVICIOS DE COMIDA,MANDINGAS,14,2.0,Micro,25,1,25.0,0,10.0,3.0,220.0,,
2018,8001036,Medellin,10,"561-Actividades de restaurantes, cafeterías y servicio móvil de comidas",56,I,I-ALOJAMIENTO Y SERVICIOS DE COMIDA,PERRITO+GASEOSA,9,1.0,Micro,5,1,5.0,0,10.0,4.0,60.0,,
2018,8001042,Medellin,10,"561-Actividades de restaurantes, cafeterías y servicio móvil de comidas",56,I,I-ALOJAMIENTO Y SERVICIOS DE COMIDA,CHIPS CREAM HELADOS,11,2.0,Micro,25,1,25.0,0,20.0,3.0,37.0,,
2018,8001043,Medellin,10,"561-Actividades de restaurantes, cafeterías y servicio móvil de comidas",56,I,I-ALOJAMIENTO Y SERVICIOS DE COMIDA,PANADERIA LILIPAN,17,6.0,Micro,60,1,60.0,0,5.0,5.0,741.0,,
2018,8001051,Medellin,10,"561-Actividades de restaurantes, cafeterías y servicio móvil de comidas",56,I,I-ALOJAMIENTO Y SERVICIOS DE COMIDA,RESTAURANTE LOCAL 60,10,2.0,Micro,15,1,15.0,0,5.0,7.75,83.0,,
2018,8001087,Medellin,10,563-Expendio de bebidas alcohólicas para el consumo dentro del establecimiento,56,I,I-ALOJAMIENTO Y SERVICIOS DE COMIDA,LICORERA LA PABITA,11,1.0,Micro,18,1,18.0,0,10.0,3.0,190.0,,
2018,9001029,Medellin,10,"561-Actividades de restaurantes, cafeterías y servicio móvil de comidas",56,I,I-ALOJAMIENTO Y SERVICIOS DE COMIDA,LOS PEREGRINOS,11,4.0,Micro,45,1,45.0,0,10.0,3.0,60.0,,
2018,9001030,Medellin,10,563-Expendio de bebidas alcohólicas para el consumo dentro del establecimiento,56,I,I-ALOJAMIENTO Y SERVICIOS DE COMIDA,HELADOS LLIYO,10,1.0,Micro,10,1,10.0,0,2.0,1.0,202.0,,
2018,9001044,Medellin,10,563-Expendio de bebidas alcohólicas para el consumo dentro del establecimiento,56,I,I-ALOJAMIENTO Y SERVICIOS DE COMIDA,DISCOBAR EL PLAN,7,1.0,Micro,16,1,16.0,0,10.0,4.0,750.0,,
2018,9001047,Medellin,10,563-Expendio de bebidas alcohólicas para el consumo dentro del establecimiento,56,I,I-ALOJAMIENTO Y SERVICIOS DE COMIDA,BILLARES EL CAFETAL,8,1.0,Micro,50,1,50.0,0,20.0,2.0,435.0,,
2018,9001056,Medellin,10,"561-Actividades de restaurantes, cafeterías y servicio móvil de comidas",56,I,I-ALOJAMIENTO Y SERVICIOS DE COMIDA,CHUZOS DOÑA MARINA,7,3.0,Micro,30,1,30.0,0,2.0,3.0,106.0,,
2018,9001066,Medellin,10,"561-Actividades de restaurantes, cafeterías y servicio móvil de comidas",56,I,I-ALOJAMIENTO Y SERVICIOS DE COMIDA,RESTAURANTE BAR LEMONS,12,3.0,Micro,65,1,65.0,0,10.0,6.0,871.0,,
2018,9001067,Medellin,10,563-Expendio de bebidas alcohólicas para el consumo dentro del establecimiento,56,I,I-ALOJAMIENTO Y SERVICIOS DE COMIDA,BAR LOS RUMBEROS,7,2.0,Micro,45,1,45.0,0,15.0,4.0,925.0,,
2018,9001068,Medellin,10,563-Expendio de bebidas alcohólicas para el consumo dentro del establecimiento,56,I,I-ALOJAMIENTO Y SERVICIOS DE COMIDA,BAR LOS GAVIRIA,7,1.0,Micro,30,1,30.0,0,15.0,3.0,545.0,,
2018,9001069,Medellin,10,563-Expendio de bebidas alcohólicas para el consumo dentro del establecimiento,56,I,I-ALOJAMIENTO Y SERVICIOS DE COMIDA,BAR POM POM,7,1.0,Micro,25,1,25.0,0,15.0,3.0,705.0,,
2018,9001080,Medellin,10,"561-Actividades de restaurantes, cafeterías y servicio móvil de comidas",56,I,I-ALOJAMIENTO Y SERVICIOS DE COMIDA,RESTAURANTE LA VACA ANA,14,2.0,Micro,60,1,60.0,0,10.0,5.0,136.0,,
2018,9001084,Norte AMVA,21,563-Expendio de bebidas alcohólicas para el consumo dentro del establecimiento,56,I,I-ALOJAMIENTO Y SERVICIOS DE COMIDA,ALEX SHOTS COCKTAIL,24,22.0,Pequeña,25,1,25.0,0,10.0,5.0,312.6,,
2018,10001008,Sur AMVA,28,"561-Actividades de restaurantes, cafeterías y servicio móvil de comidas",56,I,I-ALOJAMIENTO Y SERVICIOS DE COMIDA,DELEITES,8,1.0,Micro,10,1,10.0,0,5.0,2.0,27.0,,
2018,10001038,Medellin,10,563-Expendio de bebidas alcohólicas para el consumo dentro del establecimiento,56,I,I-ALOJAMIENTO Y SERVICIOS DE COMIDA,EL SOCIAL,15,2.0,Micro,10,1,10.0,0,20.0,8.0,534.0,,
2018,10001041,Medellin,10,"561-Actividades de restaurantes, cafeterías y servicio móvil de comidas",56,I,I-ALOJAMIENTO Y SERVICIOS DE COMIDA,TORTAS EL GORDO,10,2.0,Micro,19,1,19.0,0,10.0,4.75,240.75,,
2018,10001042,Medellin,10,"561-Actividades de restaurantes, cafeterías y servicio móvil de comidas",56,I,I-ALOJAMIENTO Y SERVICIOS DE COMIDA,HELADOS LA LUZ,12,2.0,Micro,40,1,40.0,0,5.0,3.75,77.75,,
2018,11001023,Medellin,10,563-Expendio de bebidas alcohólicas para el consumo dentro del establecimiento,56,I,I-ALOJAMIENTO Y SERVICIOS DE COMIDA,BAR FARAON EL PLAYON,8,2.0,Micro,60,1,60.0,0,15.0,3.0,310.0,,
2018,11001027,Medellin,10,563-Expendio de bebidas alcohólicas para el consumo dentro del establecimiento,56,I,I-ALOJAMIENTO Y SERVICIOS DE COMIDA,SALON BAR BARACK OBAMA,9,2.0,Micro,65,1,65.0,0,15.0,3.0,310.0,,
2018,11001028,Medellin,10,"561-Actividades de restaurantes, cafeterías y servicio móvil de comidas",56,I,I-ALOJAMIENTO Y SERVICIOS DE COMIDA,BURGUER DOGS,7,2.0,Micro,30,1,30.0,0,15.0,6.0,190.0,,
2018,11001034,Medellin,10,563-Expendio de bebidas alcohólicas para el consumo dentro del establecimiento,56,I,I-ALOJAMIENTO Y SERVICIOS DE COMIDA,BAR Y TABERNA LA VISION,10,2.0,Micro,50,1,50.0,0,15.0,4.0,420.0,,
2018,11001036,Medellin,10,"561-Actividades de restaurantes, cafeterías y servicio móvil de comidas",56,I,I-ALOJAMIENTO Y SERVICIOS DE COMIDA,ASADERO BROSTY EL 2,9,2.0,Micro,60,1,60.0,0,15.0,11.0,960.0,,
2018,11001040,Medellin,10,"561-Actividades de restaurantes, cafeterías y servicio móvil de comidas",56,I,I-ALOJAMIENTO Y SERVICIOS DE COMIDA,HELADERIA LA VUELTICA,10,2.0,Micro,60,1,60.0,0,20.0,3.0,310.0,,
2018,11001050,Medellin,10,"561-Actividades de restaurantes, cafeterías y servicio móvil de comidas",56,I,I-ALOJAMIENTO Y SERVICIOS DE COMIDA,SUPER MANDINGA,6,2.0,Micro,30,1,30.0,0,15.0,5.0,390.0,,
2018,11001052,Medellin,10,"561-Actividades de restaurantes, cafeterías y servicio móvil de comidas",56,I,I-ALOJAMIENTO Y SERVICIOS DE COMIDA,TIENDA ESCOLAR LA PERLITA,11,1.0,Micro,20,1,20.0,0,15.0,6.0,245.0,,
2018,11001054,Medellin,10,"561-Actividades de restaurantes, cafeterías y servicio móvil de comidas",56,I,I-ALOJAMIENTO Y SERVICIOS DE COMIDA,CAFETERIA BUENA VISTA DORA,14,4.0,Micro,70,1,70.0,0,10.0,7.0,41.0,,
2018,11001055,Medellin,10,"561-Actividades de restaurantes, cafeterías y servicio móvil de comidas",56,I,I-ALOJAMIENTO Y SERVICIOS DE COMIDA,MANDINGAS LA ORIGINAL,9,2.0,Micro,15,1,15.0,0,10.0,6.0,140.0,,
2018,11001056,Medellin,10,"561-Actividades de restaurantes, cafeterías y servicio móvil de comidas",56,I,I-ALOJAMIENTO Y SERVICIOS DE COMIDA,MANDINGAS SIEMPRE RICAS,9,2.0,Micro,48,1,48.0,0,15.0,6.0,140.0,,
2018,11001062,Medellin,10,563-Expendio de bebidas alcohólicas para el consumo dentro del establecimiento,56,I,I-ALOJAMIENTO Y SERVICIOS DE COMIDA,AY CARAMBA LICORES,9,3.0,Micro,40,1,40.0,0,15.0,3.0,535.0,,
2018,11001063,Medellin,10,"561-Actividades de restaurantes, cafeterías y servicio móvil de comidas",56,I,I-ALOJAMIENTO Y SERVICIOS DE COMIDA,DISTRIBUIDORA ZH,16,4.0,Micro,100,1,100.0,0,20.0,4.0,186.0,,
2018,11001071,Medellin,10,563-Expendio de bebidas alcohólicas para el consumo dentro del establecimiento,56,I,I-ALOJAMIENTO Y SERVICIOS DE COMIDA,LICORES LA 46,10,2.0,Micro,70,1,70.0,0,15.0,12.5,575.0,,
2018,11001074,Medellin,10,"561-Actividades de restaurantes, cafeterías y servicio móvil de comidas",56,I,I-ALOJAMIENTO Y SERVICIOS DE COMIDA,MANDY SABOR,6,2.0,Micro,25,1,25.0,0,15.0,10.0,963.0,,
2018,11001076,Medellin,10,"561-Actividades de restaurantes, cafeterías y servicio móvil de comidas",56,I,I-ALOJAMIENTO Y SERVICIOS DE COMIDA,MERCADOS EL 90,13,5.0,Micro,49,1,49.0,0,20.0,7.0,715.0,,
2018,11001078,Medellin,10,"561-Actividades de restaurantes, cafeterías y servicio móvil de comidas",56,I,I-ALOJAMIENTO Y SERVICIOS DE COMIDA,DELICIAS DE ANDALUCIA,15,4.0,Micro,80,1,80.0,0,15.0,8.0,390.0,,
2018,11001079,Medellin,10,"561-Actividades de restaurantes, cafeterías y servicio móvil de comidas",56,I,I-ALOJAMIENTO Y SERVICIOS DE COMIDA,HAMBURGUESAS JULIANOS,4,3.0,Micro,25,1,25.0,0,15.0,4.0,295.0,,
2018,11001080,Medellin,10,"561-Actividades de restaurantes, cafeterías y servicio móvil de comidas",56,I,I-ALOJAMIENTO Y SERVICIOS DE COMIDA,PAPALARDOS PIZZERIA,6,2.0,Micro,27,1,27.0,0,15.0,5.0,335.0,,
2018,11001083,Medellin,10,563-Expendio de bebidas alcohólicas para el consumo dentro del establecimiento,56,I,I-ALOJAMIENTO Y SERVICIOS DE COMIDA,BILLARES ALRIVEZ,10,2.0,Micro,65,1,65.0,0,15.0,3.0,310.0,,
2018,11001084,Medellin,10,"561-Actividades de restaurantes, cafeterías y servicio móvil de comidas",56,I,I-ALOJAMIENTO Y SERVICIOS DE COMIDA,HELADOS LA LUZ SAS,9,2.0,Micro,40,1,40.0,0,20.0,6.0,60.0,,
2018,11001090,Medellin,10,"561-Actividades de restaurantes, cafeterías y servicio móvil de comidas",56,I,I-ALOJAMIENTO Y SERVICIOS DE COMIDA,MERCADIARIO,11,4.0,Micro,130,1,130.0,0,15.0,4.0,240.0,,
2018,11001091,Medellin,10,563-Expendio de bebidas alcohólicas para el consumo dentro del establecimiento,56,I,I-ALOJAMIENTO Y SERVICIOS DE COMIDA,BAR DISCOTECA BIAGRA,10,4.0,Micro,80,1,80.0,0,2.0,11.5,359.5,,
2018,14001004,Medellin,10,"561-Actividades de restaurantes, cafeterías y servicio móvil de comidas",56,I,I-ALOJAMIENTO Y SERVICIOS DE COMIDA,DELISTARS,4,3.0,Micro,25,1,25.0,0,15.0,4.0,295.0,,
2018,1001183,Medellin,10,563-Expendio de bebidas alcohólicas para el consumo dentro del establecimiento,56,I,I-ALOJAMIENTO Y SERVICIOS DE COMIDA,ESTADERO MANZANILLO ,13,4.0,Mediana,70,1,0.0,1,27.5,3.0,69.75,,
2018,1001184,Medellin,10,"561-Actividades de restaurantes, cafeterías y servicio móvil de comidas",56,I,I-ALOJAMIENTO Y SERVICIOS DE COMIDA,DELICIAS LA HUERTA ,9,8.0,Micro,25,1,0.0,1,25.0,1.0,78.75,,
